Avg_Non_Nov_Revenue,Nov_Revenue,Seasonal_Lift
2069.3790909090912,34478.4,32409.020909090912
2641.117272727273,28955.54,26314.42272727273
1334.1881818181819,14188.8,12854.611818181816
1559.408181818182,12929.74,11370.331818181818
1180.3681818181817,11760.07,10579.701818181818
951.2854545454546,11062.98,10111.694545454546
1724.4318181818182,10269.89,8545.458181818181
1281.950909090909,9628.44,8346.489090909092
1272.0863636363638,9144.55,7872.4636363636355
3633.7136363636364,11485.77,7852.056363636364
200.52363636363637,7982.3,7781.776363636363
615.1509090909091,7278.55,6663.399090909091
8152.134545454545,14356.220000000001,6204.085454545456
1935.6118181818179,8064.610000000001,6128.998181818182
582.7818181818183,6015.6,5432.818181818182
2469.071818181819,7891.16,5422.088181818181
277.6390909090909,5660.21,5382.5709090909095
575.4254545454546,5933.64,5358.214545454546
516.1209090909091,5739.21,5223.089090909091
105.92363636363638,5188.97,5083.046363636364
802.5027272727272,5848.9,5046.397272727272
686.1936363636364,5594.490000000001,4908.296363636364
935.4754545454545,5741.89,4806.414545454546
467.00181818181824,5188.78,4721.778181818181
605.7572727272727,5083.69,4477.932727272727
1322.0563636363638,5691.26,4369.203636363636
268.0972727272727,4609.41,4341.312727272727
7299.419999999999,11639.29,4339.870000000002
1559.2954545454545,5680.91,4121.614545454546
4398.4627272727275,8381.79,3983.3272727272733
1531.9527272727273,5464.0,3932.0472727272727
1026.1172727272728,4936.59,3910.4727272727273
166.26818181818183,3916.03,3749.7618181818184
349.4218181818182,4008.63,3659.208181818182
1233.009090909091,4847.78,3614.770909090909
539.8972727272728,4153.4400000000005,3613.5427272727275
1811.6881818181819,5175.81,3364.1218181818185
1936.5927272727276,5285.53,3348.937272727272
810.8172727272729,4082.1,3271.2827272727272
771.7463636363638,4026.8,3255.0536363636365
454.71000000000004,3697.63,3242.92
481.7390909090909,3677.98,3196.240909090909
1278.628181818182,4454.63,3176.001818181818
2785.99,5929.53,3143.54
750.6409090909091,3878.94,3128.299090909091
2219.3936363636367,5343.68,3124.2863636363636
179.5309090909091,3245.9700000000003,3066.439090909091
1859.3009090909088,4867.74,3008.4390909090907
1628.654545454545,4521.7,2893.045454545455
488.08272727272725,3312.0,2823.9172727272726
478.5509090909091,3283.6000000000004,2805.0490909090913
331.29636363636365,3017.96,2686.663636363636
267.36636363636364,2948.35,2680.9836363636364
1589.148181818182,4244.18,2655.0318181818184
529.169090909091,3181.3,2652.130909090909
2429.7590909090904,5069.469999999999,2639.710909090909
629.57,3248.53,2618.96
699.0590909090909,3277.77,2578.710909090909
1187.079090909091,3743.7200000000003,2556.640909090909
146.9909090909091,2659.7400000000002,2512.749090909091
327.5409090909091,2838.79,2511.2490909090907
474.89545454545447,2919.36,2444.4645454545457
363.4263636363636,2740.06,2376.6336363636365
356.7627272727273,2704.61,2347.847272727273
2041.904545454545,4369.5199999999995,2327.6154545454547
499.05272727272734,2703.9800000000005,2204.9272727272732
1172.998181818182,3369.4100000000003,2196.4118181818185
289.94454545454545,2477.14,2187.1954545454546
330.7509090909091,2430.17,2099.419090909091
658.0736363636363,2755.35,2097.2763636363634
819.2018181818181,2910.0,2090.798181818182
308.64181818181817,2389.1099999999997,2080.4681818181816
444.0718181818182,2523.5299999999997,2079.4581818181814
381.04545454545456,2446.5099999999998,2065.4645454545453
352.91818181818184,2408.84,2055.9218181818183
843.4263636363635,2885.93,2042.5036363636364
1876.6809090909092,3913.57,2036.889090909091
666.8936363636363,2694.05,2027.156363636364
1055.3636363636363,3047.52,1992.1563636363637
1522.2027272727269,3473.67,1951.4672727272732
2294.339090909091,4201.53,1907.190909090909
597.9345454545455,2501.86,1903.9254545454546
648.6090909090909,2551.9500000000003,1903.3409090909095
543.7672727272728,2444.4500000000003,1900.6827272727273
385.98545454545456,2286.39,1900.4045454545453
829.0563636363637,2716.07,1887.0136363636366
2833.1718181818183,4661.96,1828.7881818181818
2089.529090909091,3917.81,1828.280909090909
635.341818181818,2462.81,1827.468181818182
211.1790909090909,2031.75,1820.570909090909
601.7645454545456,2412.51,1810.7454545454548
217.39454545454547,1970.3600000000001,1752.9654545454546
576.919090909091,2302.55,1725.6309090909092
956.9463636363636,2667.67,1710.7236363636366
1605.0809090909095,3313.51,1708.4290909090907
241.28454545454545,1932.75,1691.4654545454546
1616.8118181818181,3268.5299999999997,1651.7181818181816
136.82636363636362,1787.2099999999998,1650.3836363636362
978.4790909090909,2606.67,1628.1909090909091
1776.001818181818,3400.91,1624.908181818182
261.11090909090905,1884.36,1623.249090909091
273.80909090909086,1896.2,1622.3909090909092
211.66090909090914,1811.47,1599.8090909090909
1564.2227272727273,3143.58,1579.3572727272726
714.9436363636363,2291.39,1576.4463636363635
951.9827272727271,2525.0099999999998,1573.0272727272727
1602.4218181818185,3171.34,1568.9181818181817
325.85545454545456,1852.8000000000002,1526.9445454545457
531.2099999999999,2054.47,1523.2599999999998
338.9418181818182,1857.3600000000001,1518.418181818182
386.3881818181817,1865.7899999999997,1479.401818181818
183.7281818181818,1657.7099999999998,1473.981818181818
539.3836363636364,1988.02,1448.6363636363635
205.53,1632.67,1427.14
1468.2254545454546,2890.91,1422.6845454545453
380.3190909090909,1763.18,1382.8609090909092
1206.7036363636364,2566.11,1359.4063636363637
571.6136363636364,1930.3899999999999,1358.7763636363634
259.90000000000003,1610.42,1350.52
460.70909090909095,1797.57,1336.860909090909
2039.926363636364,3353.2799999999997,1313.3536363636358
782.2718181818182,2073.21,1290.9381818181819
110.65818181818184,1400.48,1289.8218181818181
118.84,1401.8500000000001,1283.0100000000002
295.10909090909087,1576.58,1281.4709090909091
111.9681818181818,1387.08,1275.111818181818
1274.0981818181817,2537.79,1263.6918181818182
285.17545454545456,1546.82,1261.6445454545453
183.83363636363637,1436.16,1252.3263636363638
114.59818181818181,1362.79,1248.1918181818182
707.1463636363635,1944.65,1237.5036363636366
1889.3836363636362,3123.0,1233.6163636363638
149.7009090909091,1363.9299999999998,1214.2290909090907
189.97636363636366,1400.95,1210.9736363636364
381.23545454545456,1579.8600000000001,1198.6245454545456
627.6645454545455,1815.6999999999998,1188.0354545454543
912.8990909090909,2097.41,1184.510909090909
2801.0499999999997,3984.46,1183.4100000000003
204.35090909090906,1382.79,1178.439090909091
222.52727272727273,1400.96,1178.4327272727273
1782.4872727272727,2957.76,1175.2727272727275
661.0581818181819,1824.41,1163.351818181818
172.49454545454543,1326.35,1153.8554545454544
1034.7227272727273,2172.37,1137.6472727272726
1386.221818181818,2523.77,1137.548181818182
155.87,1288.3,1132.4299999999998
532.9718181818181,1661.03,1128.0581818181818
437.21090909090907,1552.71,1115.499090909091
484.9018181818181,1595.55,1110.648181818182
1252.0972727272726,2360.3500000000004,1108.2527272727277
2398.486363636364,3494.84,1096.3536363636363
154.58181818181816,1246.95,1092.368181818182
1031.692727272727,2122.0,1090.307272727273
1305.3236363636363,2385.54,1080.2163636363637
873.6390909090908,1948.9099999999999,1075.270909090909
3390.4209090909094,4453.99,1063.5690909090904
456.56999999999994,1502.54,1045.97
165.63272727272727,1188.3200000000002,1022.6872727272729
343.1645454545455,1364.1200000000001,1020.9554545454546
259.33363636363634,1267.0300000000002,1007.6963636363639
188.32454545454547,1188.8600000000001,1000.5354545454546
687.9090909090909,1685.7499999999998,997.8409090909089
190.88545454545454,1178.6399999999999,987.7545454545453
1267.4627272727273,2248.85,981.3872727272726
279.1645454545455,1253.32,974.1554545454544
290.6727272727273,1263.8500000000001,973.1772727272728
166.25909090909093,1137.68,971.4209090909092
154.54909090909092,1122.5700000000002,968.0209090909093
832.249090909091,1798.6,966.3509090909089
1012.2918181818181,1974.94,962.6481818181819
133.42272727272726,1095.3,961.8772727272727
204.81909090909087,1157.9,953.0809090909092
2211.9400000000005,3162.6,950.6599999999994
1118.6118181818183,2067.25,948.6381818181817
202.23363636363635,1143.85,941.6163636363635
630.3672727272727,1566.32,935.9527272727272
190.5609090909091,1119.86,929.2990909090909
384.8818181818182,1310.25,925.3681818181818
2207.2127272727275,3132.45,925.2372727272723
603.4981818181818,1527.91,924.4118181818183
232.11727272727273,1153.36,921.2427272727272
217.20818181818183,1137.5,920.2918181818181
440.90909090909093,1360.0,919.090909090909
425.15000000000003,1343.8,918.6499999999999
254.12363636363636,1170.04,915.9163636363636
1433.609090909091,2338.91,905.3009090909088
186.28454545454545,1090.42,904.1354545454546
452.05090909090904,1355.97,903.919090909091
699.5672727272727,1602.1000000000001,902.5327272727275
1047.5327272727272,1939.5100000000002,891.977272727273
197.9709090909091,1083.61,885.6390909090908
285.6218181818182,1164.52,878.8981818181818
120.66545454545457,995.4200000000001,874.7545454545455
270.07272727272726,1140.9,870.8272727272729
312.15727272727275,1177.9499999999998,865.792727272727
459.72636363636354,1322.48,862.7536363636365
955.1081818181818,1817.7,862.5918181818182
680.5063636363635,1541.87,861.3636363636364
474.5863636363637,1327.22,852.6336363636362
202.0481818181818,1049.62,847.5718181818181
321.9563636363636,1168.13,846.1736363636364
303.3081818181818,1147.1299999999999,843.8218181818181
1358.589090909091,2198.38,839.790909090909
180.7972727272727,1016.53,835.7327272727273
256.95727272727277,1081.71,824.7527272727273
667.4745454545455,1492.22,824.7454545454545
185.59272727272727,1006.52,820.9272727272727
1895.2863636363638,2710.12,814.8336363636361
170.79454545454544,976.31,805.5154545454545
601.1109090909091,1403.13,802.019090909091
186.73272727272726,988.5699999999999,801.8372727272726
425.9636363636364,1224.42,798.4563636363637
117.27636363636363,913.21,795.9336363636364
487.0845454545455,1282.94,795.8554545454546
270.6372727272728,1058.2,787.5627272727272
485.28181818181815,1270.3700000000001,785.088181818182
529.5600000000001,1312.58,783.0199999999999
736.8636363636364,1510.58,773.7163636363636
137.9109090909091,906.28,768.3690909090909
146.41454545454545,914.34,767.9254545454546
644.9390909090909,1406.8700000000001,761.9309090909093
843.7618181818181,1605.16,761.398181818182
336.2509090909091,1096.19,759.939090909091
535.7854545454545,1292.48,756.6945454545455
247.05090909090913,1000.0,752.9490909090908
986.6927272727272,1738.55,751.8572727272727
103.08999999999997,854.03,750.94
235.95909090909092,979.8199999999999,743.860909090909
152.36636363636364,889.51,737.1436363636363
123.52545454545454,854.6,731.0745454545455
388.9554545454546,1118.3799999999999,729.4245454545453
425.6963636363636,1150.91,725.2136363636364
100.04545454545455,819.0,718.9545454545455
2545.4645454545457,3262.0499999999997,716.585454545454
738.2118181818182,1453.35,715.1381818181817
125.75636363636364,838.85,713.0936363636364
334.94363636363636,1033.1399999999999,698.1963636363635
207.35999999999996,905.54,698.1800000000001
1635.8972727272726,2333.98,698.0827272727274
662.6218181818182,1359.5,696.8781818181818
125.25818181818181,821.46,696.2018181818182
329.66727272727275,1024.32,694.6527272727271
735.2090909090908,1428.44,693.2309090909092
158.50181818181818,849.81,691.3081818181818
144.5081818181818,826.52,682.0118181818182
366.5818181818182,1041.03,674.4481818181818
171.76090909090908,845.9499999999999,674.1890909090909
590.8463636363637,1261.3,670.4536363636363
532.5218181818182,1202.1499999999999,669.6281818181817
872.0527272727272,1541.44,669.3872727272728
461.7063636363637,1125.46,663.7536363636364
694.8263636363637,1357.8600000000001,663.0336363636364
922.8909090909091,1585.0800000000002,662.1890909090911
137.26818181818183,795.9,658.6318181818182
213.36363636363637,866.3199999999999,652.9563636363636
224.74727272727276,874.6899999999999,649.9427272727272
412.34,1057.55,645.21
150.36454545454544,789.9,639.5354545454545
566.22,1203.26,637.04
353.20909090909095,985.9300000000001,632.7209090909091
518.2727272727273,1150.0,631.7272727272727
116.85000000000001,746.71,629.86
257.5309090909091,887.31,629.7790909090909
549.9236363636363,1176.58,626.6563636363636
637.1236363636364,1257.29,620.1663636363636
618.7318181818181,1238.12,619.3881818181818
288.0890909090909,901.94,613.8509090909092
357.16545454545457,966.27,609.1045454545454
132.32090909090908,737.92,605.5990909090908
687.3236363636363,1291.77,604.4463636363637
250.24909090909094,853.72,603.4709090909091
538.2336363636364,1133.31,595.0763636363636
116.63909090909091,708.61,591.9709090909091
144.15363636363637,733.66,589.5063636363636
1603.9081818181817,2193.15,589.2418181818184
222.1709090909091,805.65,583.4790909090909
295.3218181818182,876.11,580.7881818181818
1878.5081818181818,2457.65,579.1418181818183
254.05363636363634,829.6,575.5463636363637
2029.921818181818,2605.46,575.538181818182
492.29090909090905,1067.19,574.899090909091
276.5345454545455,845.4300000000001,568.8954545454546
112.44181818181819,679.1500000000001,566.7081818181819
536.1181818181818,1100.97,564.8518181818182
450.0718181818182,1011.88,561.8081818181818
974.7327272727272,1533.1599999999999,558.4272727272727
522.8254545454545,1080.8999999999999,558.0745454545454
169.96454545454546,725.95,555.9854545454546
623.7172727272726,1179.07,555.3527272727273
133.15818181818182,687.02,553.8618181818182
558.9327272727273,1109.47,550.5372727272727
124.63727272727274,675.12,550.4827272727273
131.47,679.8499999999999,548.3799999999999
127.91999999999999,672.96,545.0400000000001
1441.0227272727273,1984.6100000000001,543.5872727272729
110.34363636363636,652.56,542.2163636363636
289.1063636363636,830.89,541.7836363636363
150.09272727272725,691.4699999999999,541.3772727272726
121.73818181818181,661.39,539.6518181818182
354.0672727272727,892.28,538.2127272727273
114.23363636363638,649.18,534.9463636363636
2065.5063636363634,2599.6800000000003,534.1736363636369
125.22454545454546,654.5,529.2754545454545
288.1554545454546,817.13,528.9745454545455
937.289090909091,1464.65,527.3609090909091
468.04636363636365,991.6800000000001,523.6336363636365
590.7281818181818,1113.53,522.8018181818181
234.93818181818185,754.7800000000001,519.8418181818182
383.1818181818182,902.79,519.6081818181817
191.61636363636362,707.34,515.7236363636364
314.71,829.06,514.3499999999999
332.0163636363637,842.4599999999999,510.44363636363624
229.9318181818182,740.13,510.1981818181818
327.9636363636364,837.62,509.6563636363636
272.40818181818184,780.32,507.9118181818182
225.98545454545456,732.72,506.73454545454547
371.2690909090909,877.49,506.2209090909091
659.8063636363638,1165.95,506.14363636363623
127.48363636363636,632.76,505.2763636363636
1763.4372727272726,2268.56,505.1227272727274
231.59636363636363,734.9,503.3036363636363
356.9145454545455,860.1899999999999,503.27545454545447
101.55000000000001,604.8000000000001,503.25000000000006
206.02818181818182,700.4,494.3718181818182
114.72909090909089,608.47,493.74090909090916
390.34636363636366,882.4399999999999,492.0936363636363
205.4563636363636,696.0999999999999,490.64363636363635
170.9618181818182,659.6099999999999,488.6481818181817
108.18272727272728,596.0899999999999,487.90727272727264
102.82181818181817,590.72,487.89818181818185
147.33454545454543,633.31,485.9754545454545
196.36636363636364,677.98,481.6136363636364
532.0454545454545,1011.89,479.8445454545455
138.59545454545452,614.3499999999999,475.7545454545454
379.4136363636363,853.7299999999999,474.31636363636363
397.08818181818185,869.81,472.7218181818181
878.7390909090908,1343.1699999999998,464.43090909090904
109.89545454545454,572.75,462.8545454545455
414.01454545454544,872.3199999999999,458.3054545454545
103.71909090909092,552.6,448.8809090909091
587.0418181818183,1035.83,448.78818181818167
206.4690909090909,651.34,444.8709090909091
380.23272727272723,824.7900000000001,444.55727272727285
221.83090909090907,664.75,442.9190909090909
296.83909090909094,738.46,441.6209090909091
418.72727272727275,857.37,438.64272727272726
786.9145454545454,1221.72,434.8054545454546
585.1990909090908,1019.9899999999999,434.79090909090905
770.4754545454543,1203.87,433.39454545454555
294.8890909090909,727.78,432.8909090909091
369.9781818181818,802.48,432.50181818181824
1386.6,1817.1000000000001,430.5000000000002
162.16727272727272,590.9599999999999,428.79272727272723
229.41454545454545,654.98,425.5654545454546
363.94181818181823,789.4100000000001,425.46818181818185
346.05636363636364,770.67,424.6136363636363
1131.5145454545454,1552.49,420.97545454545457
125.80818181818181,546.39,420.58181818181816
391.8372727272727,809.6999999999999,417.8627272727272
107.21,523.9499999999999,416.73999999999995
213.53272727272727,629.86,416.32727272727277
2248.2263636363637,2662.99,414.7636363636361
138.08363636363637,551.73,413.6463636363636
785.4881818181819,1196.04,410.551818181818
576.2390909090908,985.93,409.69090909090914
131.92636363636365,541.4000000000001,409.47363636363644
582.6218181818183,989.6500000000001,407.0281818181818
227.46545454545455,632.9,405.4345454545454
371.6645454545455,768.62,396.95545454545453
259.7736363636364,654.41,394.63636363636357
309.41818181818184,702.86,393.4418181818182
300.9554545454546,692.55,391.59454545454537
142.04636363636365,532.5500000000001,390.5036363636364
340.69818181818175,728.56,387.8618181818182
584.5227272727273,972.33,387.8072727272728
1127.4909090909093,1512.3600000000001,384.8690909090908
649.1490909090909,1032.81,383.66090909090906
135.28545454545454,518.35,383.0645454545455
506.2563636363637,886.03,379.7736363636363
617.1536363636365,995.3599999999999,378.20636363636345
390.09909090909093,767.34,377.2409090909091
265.7809090909091,642.5,376.7190909090909
331.1781818181819,707.63,376.4518181818181
191.01000000000002,565.44,374.43000000000006
369.8309090909091,742.96,373.12909090909096
342.54636363636365,710.6399999999999,368.0936363636362
139.8690909090909,507.90999999999997,368.04090909090905
488.92272727272723,856.7299999999999,367.8072727272727
174.5118181818182,538.33,363.81818181818187
193.3,556.84,363.54
542.7872727272727,902.93,360.14272727272726
570.6745454545454,930.71,360.0354545454546
163.13727272727272,523.06,359.92272727272723
124.37090909090908,483.78000000000003,359.40909090909093
395.73636363636365,751.74,356.00363636363636
341.9418181818182,697.66,355.7181818181818
135.92363636363635,491.09,355.1663636363636
106.59363636363638,461.28000000000003,354.68636363636364
110.41272727272727,464.94,354.5272727272727
112.89727272727272,465.17999999999995,352.28272727272724
607.7527272727273,959.53,351.7772727272727
402.14272727272726,753.81,351.6672727272727
448.5118181818181,798.9699999999999,350.4581818181818
351.94545454545454,702.4000000000001,350.45454545454555
124.84818181818181,472.83000000000004,347.9818181818182
176.39272727272729,523.87,347.47727272727275
142.11818181818185,488.65000000000003,346.53181818181815
773.9418181818182,1118.46,344.5181818181818
229.75454545454548,574.1800000000001,344.4254545454546
259.97727272727275,603.76,343.78272727272724
150.24090909090907,492.24999999999994,342.0090909090909
341.31363636363636,680.42,339.1063636363636
127.45181818181818,461.08,333.6281818181818
114.04090909090907,442.35999999999996,328.3190909090909
470.3481818181819,797.27,326.9218181818181
303.2890909090909,628.5,325.2109090909091
1296.4581818181819,1621.06,324.6018181818181
189.10727272727271,511.48,322.3727272727273
309.0945454545454,630.56,321.4654545454545
825.5399999999998,1146.9099999999999,321.37
129.46818181818182,450.77,321.30181818181813
479.8054545454546,799.75,319.9445454545454
768.392727272727,1087.6699999999998,319.2772727272728
201.8972727272727,520.18,318.28272727272724
131.3063636363636,448.54999999999995,317.24363636363637
111.29454545454546,426.96999999999997,315.6754545454545
1949.7981818181818,2263.58,313.78181818181815
606.209090909091,919.6,313.3909090909091
232.97545454545454,546.3299999999999,313.35454545454536
250.70363636363635,561.87,311.16636363636366
252.47636363636366,562.58,310.1036363636364
250.85454545454547,554.8000000000001,303.9454545454546
162.90545454545455,464.41,301.50454545454545
520.9145454545455,820.4,299.48545454545444
3060.203636363636,3358.5,298.2963636363638
147.34727272727272,445.29,297.9427272727273
140.75727272727272,436.28,295.52272727272725
297.08363636363634,592.23,295.1463636363637
315.72272727272724,609.97,294.2472727272728
374.28818181818184,668.42,294.1318181818181
268.8254545454545,562.5799999999999,293.75454545454545
306.66545454545457,595.37,288.70454545454544
1091.7863636363636,1378.26,286.4736363636364
557.1472727272728,842.62,285.4727272727272
121.82909090909092,406.61999999999995,284.79090909090905
173.12727272727273,457.81999999999994,284.6927272727272
136.70181818181817,420.19,283.48818181818183
364.38090909090914,647.39,283.00909090909084
1971.2136363636366,2253.75,282.5363636363634
134.35363636363635,416.42,282.0663636363637
117.24818181818182,398.12,280.8718181818182
136.07636363636362,415.05,278.9736363636364
405.91636363636366,683.3000000000001,277.3836363636364
167.6290909090909,444.33,276.7009090909091
796.2190909090909,1072.4,276.18090909090915
144.17454545454547,418.5,274.32545454545453
128.45454545454544,401.40999999999997,272.95545454545453
606.350909090909,877.7099999999999,271.3590909090909
198.0290909090909,468.90000000000003,270.8709090909091
434.0627272727272,703.8499999999999,269.7872727272727
359.63818181818175,628.75,269.11181818181825
544.5281818181819,813.17,268.64181818181805
352.19272727272727,620.02,267.8272727272727
534.9945454545455,801.78,266.7854545454545
274.27090909090913,539.72,265.4490909090909
553.059090909091,818.4,265.340909090909
235.51363636363638,500.76,265.24636363636364
152.34363636363634,417.16999999999996,264.8263636363636
761.6481818181819,1021.91,260.26181818181806
122.04090909090907,382.09,260.0490909090909
840.019090909091,1096.48,256.460909090909
189.05818181818185,443.39000000000004,254.3318181818182
327.86545454545455,581.75,253.88454545454545
147.9618181818182,400.85999999999996,252.89818181818177
530.93,781.9699999999999,251.03999999999996
133.70727272727274,384.59,250.88272727272724
177.51727272727274,428.39,250.87272727272725
313.8372727272727,564.69,250.85272727272735
109.22181818181816,359.94,250.71818181818185
130.60363636363638,381.26,250.6563636363636
1366.38,1616.45,250.06999999999994
170.6818181818182,415.5,244.8181818181818
413.3799999999999,655.5899999999999,242.21000000000004
481.480909090909,723.0699999999999,241.58909090909094
108.0881818181818,349.62999999999994,241.54181818181814
176.2681818181818,417.14,240.87181818181818
282.08181818181816,521.6999999999999,239.61818181818177
155.31545454545454,394.36,239.04454545454547
566.1681818181819,803.79,237.62181818181807
183.13181818181818,420.66,237.52818181818185
115.63181818181816,351.3,235.66818181818184
495.38363636363647,730.9,235.5163636363635
176.10454545454542,409.03999999999996,232.93545454545455
314.9327272727273,547.79,232.8572727272727
1100.3154545454545,1331.37,231.0545454545454
397.0636363636364,627.8100000000001,230.74636363636364
209.54545454545453,440.0,230.45454545454547
107.06999999999998,337.4,230.32999999999998
1346.3927272727271,1574.49,228.09727272727287
161.50454545454548,388.59000000000003,227.08545454545455
128.67545454545453,355.53,226.85454545454544
381.6527272727272,607.16,225.50727272727278
498.15090909090907,723.0600000000001,224.909090909091
203.79727272727277,427.20000000000005,223.40272727272728
522.9,746.1700000000001,223.2700000000001
245.38454545454542,467.53000000000003,222.1454545454546
161.62272727272727,383.04,221.41727272727275
164.4509090909091,384.7,220.24909090909088
140.2890909090909,359.67,219.3809090909091
434.4309090909091,651.94,217.50909090909096
118.6327272727273,335.08,216.4472727272727
218.69727272727275,433.54,214.84272727272727
195.59181818181816,408.16999999999996,212.5781818181818
304.6072727272728,517.0300000000001,212.4227272727273
101.20727272727272,312.40999999999997,211.20272727272726
123.92454545454544,334.04999999999995,210.12545454545452
281.14818181818185,490.57000000000005,209.4218181818182
344.72999999999996,552.87,208.14000000000004
105.34363636363638,312.93,207.58636363636361
216.3409090909091,423.72,207.37909090909093
253.67,460.68,207.01000000000002
129.32090909090905,336.28,206.95909090909092
125.14090909090906,331.54999999999995,206.40909090909088
450.1,655.69,205.59000000000003
790.5154545454545,994.0200000000001,203.50454545454556
162.83181818181816,365.76,202.92818181818183
151.06454545454542,353.51,202.44545454545457
103.68545454545456,300.03999999999996,196.35454545454542
1509.1063636363638,1704.56,195.45363636363618
160.83545454545455,355.63000000000005,194.7945454545455
420.7400000000001,614.11,193.3699999999999
131.36818181818182,324.08,192.71181818181816
556.8490909090909,748.3900000000001,191.54090909090917
195.40454545454548,383.95000000000005,188.54545454545456
108.05636363636363,295.92,187.86363636363637
122.51818181818182,308.8,186.2818181818182
266.2872727272727,452.30999999999995,186.02272727272725
356.38363636363636,542.25,185.86636363636364
475.4254545454545,660.4399999999999,185.01454545454544
457.04545454545445,640.55,183.5045454545455
102.00090909090909,283.45,181.4490909090909
177.95727272727274,359.17,181.21272727272728
332.60909090909087,513.05,180.4409090909091
219.18454545454549,399.51,180.3254545454545
193.93363636363637,372.15,178.2163636363636
112.72727272727273,290.0,177.27272727272725
101.68454545454547,278.75,177.06545454545454
155.0818181818182,331.71,176.6281818181818
152.06181818181815,327.04999999999995,174.9881818181818
564.0954545454546,736.32,172.22454545454548
110.68909090909091,281.71,171.02090909090907
485.93636363636364,656.6,170.66363636363639
397.01454545454544,562.64,165.62545454545455
332.4018181818182,498.0,165.59818181818179
123.18727272727273,288.43,165.24272727272728
104.31272727272727,269.34,165.0272727272727
213.96999999999997,378.51,164.54000000000002
214.1,377.94,163.84
180.6027272727273,344.41,163.80727272727273
363.8399999999999,527.61,163.7700000000001
135.95454545454547,298.8,162.84545454545454
181.33545454545455,344.04,162.70454545454547
1119.9772727272727,1281.8700000000001,161.89272727272737
408.97727272727263,569.9899999999999,161.01272727272726
384.47272727272724,545.35,160.87727272727278
232.7109090909091,393.39,160.6790909090909
120.79,281.34,160.54999999999995
133.79454545454547,292.44,158.64545454545453
274.3727272727272,432.91999999999996,158.54727272727274
145.4227272727273,303.93999999999994,158.51727272727265
385.77727272727265,543.3,157.5227272727273
370.3772727272727,527.25,156.87272727272727
368.54454545454547,524.92,156.3754545454545
103.31545454545454,258.71000000000004,155.3945454545455
101.33454545454543,255.57999999999998,154.24545454545455
545.59,699.1899999999999,153.5999999999999
149.32727272727274,302.54,153.21272727272728
216.23090909090908,368.43,152.19909090909093
103.88999999999997,255.39000000000001,151.50000000000006
184.45636363636365,335.71,151.25363636363633
1369.1954545454546,1520.15,150.9545454545455
204.98545454545456,355.5,150.51454545454544
445.3636363636364,593.6899999999999,148.32636363636357
281.3681818181818,429.35999999999996,147.99181818181813
317.37454545454545,465.0,147.62545454545455
171.49545454545452,319.0,147.50454545454548
399.38818181818186,546.44,147.0518181818182
564.8499999999999,711.4499999999999,146.60000000000002
124.37000000000002,270.77,146.39999999999998
261.96727272727276,408.12,146.15272727272725
170.4663636363636,316.59,146.12363636363636
240.11999999999998,385.13,145.01000000000002
153.88545454545456,297.44,143.55454545454543
763.4554545454546,905.71,142.25454545454545
155.90727272727273,297.34,141.43272727272725
128.78181818181818,269.48999999999995,140.70818181818177
121.56727272727272,261.26,139.69272727272727
312.70727272727277,451.5,138.79272727272723
643.9109090909091,782.3199999999999,138.40909090909088
106.91090909090909,244.95,138.0390909090909
154.17363636363635,290.0,135.82636363636365
128.03636363636363,262.34999999999997,134.31363636363633
1092.2327272727273,1226.47,134.23727272727274
114.80272727272724,247.23,132.42727272727274
611.85,743.4,131.54999999999995
1701.8354545454547,1832.47,130.63454545454533
313.2281818181818,443.56,130.33181818181822
194.02545454545452,323.90999999999997,129.88454545454545
561.2436363636363,690.66,129.4163636363637
252.74545454545458,381.75000000000006,129.00454545454548
286.91909090909087,412.95,126.03090909090912
180.55363636363634,306.37,125.81636363636366
123.3490909090909,248.93,125.5809090909091
376.3863636363636,501.64000000000004,125.25363636363642
341.3936363636363,465.31,123.91636363636371
212.8527272727273,335.51000000000005,122.65727272727275
236.97,359.58,122.60999999999999
143.95363636363638,266.41,122.45636363636365
101.05272727272727,222.71,121.65727272727274
160.4272727272727,282.02,121.59272727272727
553.1245454545455,674.12,120.99545454545455
184.1209090909091,302.73,118.60909090909092
158.1918181818182,276.66,118.46818181818182
253.21545454545455,371.13,117.91454545454545
275.38181818181823,393.11,117.72818181818178
200.51090909090908,317.9,117.3890909090909
260.54545454545456,376.5,115.95454545454544
383.13090909090914,499.08000000000004,115.9490909090909
200.17000000000004,314.97,114.79999999999998
155.29545454545453,269.4,114.10454545454544
188.1581818181818,302.2,114.0418181818182
129.43818181818182,242.64,113.20181818181817
1367.3954545454546,1480.22,112.82454545454539
449.07636363636357,561.31,112.23363636363638
1007.2236363636363,1119.06,111.83636363636367
468.8954545454546,580.0799999999999,111.18454545454534
104.87363636363638,215.7,110.82636363636361
746.5081818181818,857.3199999999999,110.81181818181813
255.44727272727275,366.0,110.55272727272725
112.41636363636363,222.86,110.44363636363639
102.22363636363637,212.5,110.27636363636363
221.57636363636365,330.0,108.42363636363635
1299.1054545454544,1406.56,107.4545454545455
224.14181818181817,331.56,107.41818181818184
158.98636363636362,266.21,107.22363636363636
114.65181818181814,221.23999999999998,106.58818181818184
515.1772727272727,621.31,106.13272727272727
724.7409090909091,830.4399999999999,105.69909090909084
145.38090909090909,250.02999999999997,104.64909090909089
1753.9654545454543,1855.98,102.01454545454567
382.7509090909091,482.81,100.05909090909091
121.20727272727272,220.89000000000001,99.68272727272729
133.46,232.28000000000003,98.82000000000002
134.2490909090909,231.54,97.29090909090908
137.0209090909091,233.71,96.68909090909091
119.8009090909091,216.32,96.51909090909089
148.04727272727274,244.3,96.25272727272727
256.27181818181816,352.38000000000005,96.10818181818189
176.8427272727273,272.70000000000005,95.85727272727274
120.61818181818184,215.45000000000002,94.83181818181818
176.28272727272727,270.0,93.71727272727273
104.95454545454545,198.0,93.04545454545455
204.83727272727273,296.37,91.53272727272727
160.31636363636363,251.66,91.34363636363636
379.3454545454546,470.31,90.96454545454543
111.27090909090909,201.38,90.10909090909091
103.81,193.89,90.07999999999998
293.3581818181818,382.72999999999996,89.37181818181818
214.23090909090908,301.87,87.63909090909092
220.65727272727273,307.63,86.97272727272727
141.27545454545455,227.79,86.51454545454544
1419.9718181818182,1506.01,86.03818181818178
236.41363636363639,321.22,84.80636363636364
123.99727272727273,208.24,84.24272727272728
208.02727272727273,292.18,84.15272727272728
200.9381818181818,284.77,83.83181818181819
192.35181818181817,274.72,82.36818181818185
161.31,241.56,80.25
152.55090909090907,232.57,80.01909090909092
162.43363636363637,242.26999999999998,79.83636363636361
100.43,180.14,79.70999999999998
108.85181818181817,188.16,79.30818181818182
149.6109090909091,226.99999999999997,77.38909090909087
102.19909090909091,179.54999999999998,77.35090909090907
125.66909090909093,202.89,77.22090909090906
266.3627272727273,342.72,76.35727272727274
126.25454545454545,200.77,74.51545454545456
109.28636363636365,181.78,72.49363636363636
131.52727272727273,203.76,72.23272727272726
103.00363636363636,175.2,72.19636363636363
233.17090909090913,304.44,71.26909090909086
262.6218181818182,332.34,69.71818181818179
121.14999999999999,189.56,68.41000000000001
540.4127272727272,608.7,68.2872727272728
333.24818181818176,400.49,67.24181818181825
936.9436363636364,1004.1800000000001,67.23636363636365
149.78181818181818,216.81,67.02818181818182
319.7381818181819,386.73,66.99181818181813
108.23545454545456,175.07,66.83454545454543
146.5054545454545,212.94,66.43454545454549
219.2836363636363,285.42999999999995,66.14636363636365
270.94,336.87,65.93
111.17636363636365,176.38,65.20363636363635
113.78818181818183,178.96,65.17181818181818
105.44090909090909,170.56,65.11909090909091
131.46,194.25,62.78999999999999
103.31545454545453,165.75,62.43454545454547
103.83272727272728,166.21,62.377272727272725
315.73818181818183,377.09,61.351818181818146
200.14454545454547,260.29,60.145454545454555
172.12727272727275,231.53,59.40272727272725
123.52454545454545,182.37,58.84545454545456
579.2299999999999,637.76,58.530000000000086
124.4309090909091,182.56,58.129090909090905
611.6136363636363,669.26,57.64636363636373
147.71272727272728,205.23,57.51727272727271
108.95727272727275,166.41,57.452727272727245
430.99999999999994,488.45,57.450000000000045
100.27727272727275,157.65,57.37272727272726
168.99545454545458,226.2,57.20454545454541
213.32090909090914,270.47999999999996,57.15909090909082
206.95454545454547,264.0,57.04545454545453
584.8918181818182,641.24,56.34818181818184
198.26000000000005,254.01000000000002,55.74999999999997
321.6154545454545,375.96999999999997,54.35454545454547
102.71090909090908,156.6,53.88909090909091
163.6027272727273,217.31,53.70727272727271
994.9481818181819,1048.47,53.52181818181816
208.6863636363636,259.3,50.6136363636364
561.6972727272728,612.3,50.60272727272718
269.6281818181819,319.84000000000003,50.21181818181816
262.3672727272728,312.29,49.92272727272723
513.8590909090909,563.55,49.69090909090903
569.9909090909091,619.3,49.309090909090855
144.09545454545457,193.13,49.03454545454542
340.0172727272727,387.7,47.68272727272728
193.20454545454547,240.66000000000003,47.45545454545456
642.0236363636363,689.41,47.386363636363626
158.82545454545456,206.16,47.334545454545434
193.50363636363636,239.94,46.43636363636364
580.9481818181819,627.3299999999999,46.38181818181806
343.9054545454546,389.76,45.854545454545416
313.84090909090907,359.55999999999995,45.71909090909088
191.5581818181818,237.12,45.56181818181821
164.71272727272728,210.06,45.347272727272724
110.72000000000001,155.35,44.62999999999998
139.38,183.57,44.19
186.24181818181816,230.24,43.99818181818185
141.95454545454547,185.94,43.98545454545453
153.20454545454544,196.82999999999998,43.625454545454545
515.5672727272727,559.13,43.56272727272733
921.2227272727272,963.11,41.88727272727283
209.99545454545452,251.49999999999997,41.50454545454545
124.82727272727274,165.9,41.07272727272726
901.3072727272728,942.2,40.89272727272726
220.73363636363635,261.24,40.50636363636366
136.72181818181818,176.98,40.25818181818181
106.5909090909091,145.98,39.389090909090896
257.68454545454546,296.49,38.80545454545455
188.15818181818184,226.64000000000001,38.48181818181817
148.12818181818182,186.51,38.381818181818176
103.90636363636362,140.85999999999999,36.95363636363636
159.78,195.59,35.81
502.37545454545455,536.9100000000001,34.53454545454554
100.60181818181819,135.1,34.498181818181806
213.0936363636364,247.46,34.366363636363616
272.5763636363637,306.82,34.24363636363631
156.15999999999997,190.14,33.98000000000002
562.6354545454546,595.88,33.244545454545346
289.14818181818185,321.72,32.57181818181817
120.92454545454547,152.95,32.02545454545452
175.57545454545453,207.57,31.99454545454546
291.21999999999997,322.75,31.53000000000003
179.25090909090912,210.75,31.49909090909088
230.2590909090909,261.1,30.840909090909122
159.42363636363638,189.62,30.19636363636363
139.81090909090906,169.92,30.109090909090924
107.47272727272728,137.16,29.687272727272713
193.91363636363639,223.06,29.146363636363617
531.73,560.8,29.069999999999936
267.7354545454545,296.0,28.264545454545498
237.6772727272727,264.92,27.242727272727308
132.23818181818183,159.26000000000002,27.02181818181819
773.6818181818181,800.34,26.6581818181819
106.89181818181818,133.04000000000002,26.14818181818184
136.07,161.65,25.580000000000013
194.36636363636364,219.12,24.75363636363636
171.84090909090912,195.89000000000001,24.049090909090893
231.4472727272727,255.2,23.7527272727273
316.0281818181818,339.39000000000004,23.36181818181825
276.1190909090909,298.26000000000005,22.140909090909133
125.3909090909091,146.64,21.24909090909088
111.44636363636367,131.17,19.723636363636317
145.99818181818182,164.91,18.911818181818177
101.78181818181817,119.9,18.11818181818184
129.02454545454546,146.62,17.595454545454544
236.68727272727273,253.19,16.50272727272727
404.54636363636365,420.65000000000003,16.103636363636383
137.3981818181818,153.42,16.02181818181819
223.38090909090909,239.29,15.909090909090907
130.69909090909093,146.38,15.680909090909068
131.10181818181817,146.62,15.51818181818183
137.49363636363634,152.37,14.876363636363664
101.2781818181818,116.10000000000001,14.821818181818202
209.2890909090909,223.96,14.670909090909106
125.48818181818183,139.92000000000002,14.431818181818187
254.71454545454546,268.25,13.535454545454542
103.14181818181818,116.13,12.988181818181815
926.8472727272728,938.88,12.032727272727243
223.04545454545453,234.89999999999998,11.854545454545445
134.5681818181818,146.35,11.781818181818181
100.94727272727273,112.34,11.39272727272727
111.89272727272729,123.23,11.337272727272719
168.03454545454545,178.71,10.675454545454556
111.72818181818182,122.13,10.401818181818172
165.3390909090909,174.75,9.410909090909087
130.2718181818182,139.22,8.948181818181808
2492.587272727273,2501.11,8.522727272727025
190.22727272727272,196.5,6.2727272727272805
108.6218181818182,114.17000000000002,5.548181818181817
101.62000000000002,107.04,5.4199999999999875
235.8290909090909,240.70999999999998,4.8809090909090855
183.39181818181817,188.23,4.838181818181823
146.7690909090909,151.12,4.350909090909113
127.24272727272728,131.52,4.277272727272731
657.4654545454546,660.41,2.9445454545453913
150.84000000000003,153.36,2.519999999999982
133.7309090909091,136.2,2.4690909090908804
160.22363636363636,162.46,2.2363636363636488
555.3254545454546,556.78,1.4545454545453822
1160.870909090909,1162.13,1.2590909090911282
195.76000000000002,196.72,0.9599999999999795
221.9090909090909,221.94,0.03090909090909122
110.81363636363636,110.7,-0.11363636363635976
126.90363636363637,125.49,-1.4136363636363711
911.4218181818181,908.99,-2.43181818181813
150.21727272727273,147.57,-2.6472727272727354
232.02272727272728,229.24,-2.7827272727272714
148.84727272727275,146.01999999999998,-2.8272727272727707
553.8218181818181,550.51,-3.3118181818181256
340.4990909090909,337.1,-3.399090909090887
115.99545454545454,112.19999999999999,-3.7954545454545467
269.96,265.90999999999997,-4.050000000000011
112.99727272727272,108.55,-4.447272727272718
1565.119090909091,1560.06,-5.059090909091083
134.42636363636365,128.8,-5.626363636363635
184.77727272727273,178.71,-6.067272727272723
222.9663636363636,216.04999999999998,-6.916363636363627
124.92454545454544,117.99,-6.934545454545443
158.90363636363634,151.85,-7.053636363636343
194.6118181818182,187.38,-7.231818181818198
162.83909090909088,154.92000000000002,-7.919090909090869
224.95272727272723,214.79999999999998,-10.152727272727248
759.2781818181818,749.12,-10.158181818181788
128.75636363636366,118.25999999999999,-10.496363636363668
245.6954545454545,234.57999999999998,-11.115454545454526
336.8118181818182,325.62,-11.191818181818178
163.51454545454544,152.02,-11.494545454545431
215.36363636363637,203.2,-12.163636363636385
195.06727272727275,182.9,-12.167272727272746
125.42909090909093,112.26,-13.169090909090926
286.94454545454545,273.58,-13.364545454545464
119.86454545454544,105.98000000000002,-13.884545454545417
140.04545454545453,126.0,-14.045454545454533
181.80272727272728,167.55,-14.25272727272727
1072.8172727272724,1058.54,-14.277272727272475
131.38818181818183,116.83,-14.558181818181836
164.83636363636364,149.48,-15.356363636363653
135.73999999999998,119.35999999999999,-16.379999999999995
1469.8372727272729,1453.22,-16.617272727272848
107.59909090909088,90.64,-16.959090909090875
271.7609090909091,253.92999999999998,-17.830909090909103
178.46818181818188,160.47,-17.998181818181877
1813.1872727272728,1794.8100000000002,-18.37727272727261
110.3090909090909,91.9,-18.409090909090892
247.69363636363633,229.17999999999998,-18.51363636363635
105.83181818181819,87.3,-18.531818181818196
800.9763636363637,782.32,-18.656363636363608
235.18454545454543,216.26999999999998,-18.914545454545447
378.32090909090914,358.1,-20.220909090909117
222.6981818181818,201.98999999999998,-20.708181818181828
125.55727272727272,104.64999999999999,-20.907272727272726
167.3518181818182,145.93,-21.421818181818196
130.0936363636364,108.59,-21.50363636363639
116.81272727272727,94.35,-22.462727272727278
375.10090909090906,352.38,-22.72090909090906
111.95272727272727,89.10000000000001,-22.852727272727265
176.23545454545456,152.95000000000002,-23.28545454545454
121.06636363636363,97.42,-23.64636363636363
101.92454545454547,76.70000000000002,-25.22454545454545
177.34545454545454,152.10000000000002,-25.24545454545452
155.07363636363635,128.82000000000002,-26.253636363636332
100.27181818181818,73.47,-26.801818181818177
175.20545454545456,147.0,-28.205454545454558
575.9954545454545,545.98,-30.01545454545453
426.4627272727273,396.34999999999997,-30.11272727272734
188.6609090909091,158.4,-30.26090909090908
1788.7390909090907,1758.3899999999999,-30.34909090909082
166.59181818181818,135.29999999999998,-31.2918181818182
287.83636363636367,256.28,-31.5563636363637
170.64272727272729,138.9,-31.74272727272728
147.94727272727275,115.5,-32.44727272727275
447.47272727272724,414.28000000000003,-33.19272727272721
176.2581818181818,142.8,-33.4581818181818
201.22454545454545,166.58999999999997,-34.634545454545474
141.49363636363634,105.35999999999999,-36.133636363636356
3459.264545454546,3422.78,-36.484545454545696
1731.3618181818179,1694.6000000000001,-36.761818181817716
760.1290909090909,723.25,-36.879090909090905
180.3709090909091,143.45,-36.920909090909106
151.00818181818178,113.83999999999999,-37.16818181818179
373.11272727272734,335.49000000000007,-37.622727272727275
139.19727272727275,101.46000000000001,-37.73727272727274
246.26545454545456,208.5,-37.76545454545456
227.85272727272724,189.95,-37.90272727272725
316.1118181818182,277.63,-38.4818181818182
337.87727272727267,299.39,-38.48727272727268
110.77636363636366,71.86,-38.916363636363656
129.65090909090907,90.64000000000001,-39.01090909090905
300.45181818181817,260.07,-40.381818181818176
101.89727272727272,60.959999999999994,-40.93727272727273
357.7845454545455,316.69,-41.09454545454548
182.98818181818186,141.89000000000001,-41.09818181818184
105.88909090909091,64.71000000000001,-41.1790909090909
173.78636363636363,132.53000000000003,-41.2563636363636
608.0118181818181,566.5200000000001,-41.49181818181796
324.77272727272725,282.81,-41.96272727272725
177.20545454545453,135.06,-42.14545454545453
197.0772727272727,154.68,-42.39727272727271
128.35909090909092,85.28999999999999,-43.06909090909093
423.2763636363636,380.01,-43.26636363636362
135.63,92.02000000000001,-43.609999999999985
135.21272727272728,91.03999999999999,-44.172727272727286
303.3209090909091,258.84999999999997,-44.47090909090912
111.93363636363638,67.32000000000001,-44.613636363636374
852.7463636363635,808.11,-44.63636363636351
133.14181818181817,88.41,-44.73181818181817
176.19545454545457,131.25,-44.94545454545457
105.84636363636363,60.62,-45.22636363636364
115.65454545454546,70.19,-45.46454545454546
109.66090909090909,63.8,-45.86090909090909
101.15727272727273,55.26,-45.89727272727273
134.43090909090907,88.51,-45.92090909090906
143.43545454545455,97.27,-46.16545454545455
308.58818181818185,262.2,-46.38818181818186
124.06454545454544,77.39,-46.67454545454544
184.65818181818182,137.97,-46.68818181818182
321.4563636363637,273.9,-47.5563636363637
135.61272727272728,87.30999999999999,-48.302727272727296
169.19636363636366,120.78999999999999,-48.406363636363665
142.57454545454547,93.39,-49.18454545454547
117.46727272727274,67.85000000000001,-49.617272727272734
107.54636363636365,56.05,-51.496363636363654
206.5590909090909,154.95999999999998,-51.59909090909093
323.94363636363636,272.13,-51.81363636363636
406.27818181818185,354.15000000000003,-52.128181818181815
103.09636363636363,50.72,-52.376363636363635
246.46090909090907,193.18,-53.28090909090906
103.30272727272728,49.8,-53.502727272727284
1808.670909090909,1753.66,-55.010909090908854
136.39363636363635,80.75999999999999,-55.633636363636356
110.33818181818182,54.63,-55.70818181818182
133.4945454545455,75.84,-57.654545454545485
1160.657272727273,1102.7,-57.95727272727299
224.0072727272727,164.89,-59.117272727272706
164.89454545454544,105.64,-59.254545454545436
480.75909090909096,420.75,-60.00909090909096
460.6609090909091,399.99,-60.670909090909106
324.3081818181818,263.07,-61.23818181818183
228.4418181818182,166.78,-61.661818181818205
1773.292727272727,1711.4599999999998,-61.8327272727272
123.04727272727273,61.19,-61.85727272727273
419.16727272727275,357.0,-62.167272727272746
140.01818181818183,77.47,-62.54818181818183
231.67818181818177,169.03,-62.64818181818177
340.82363636363635,278.09000000000003,-62.73363636363632
987.7154545454545,924.9800000000001,-62.73545454545433
114.96,51.94,-63.019999999999996
637.0427272727273,573.88,-63.16272727272735
148.63454545454545,85.32000000000001,-63.31454545454544
503.6581818181819,440.11999999999995,-63.538181818181954
136.48999999999998,72.58999999999999,-63.89999999999999
110.34454545454545,46.3,-64.04454545454546
131.48727272727274,64.9,-66.58727272727273
128.12636363636364,61.01,-67.11636363636364
335.7163636363636,268.29999999999995,-67.41636363636366
923.16,855.73,-67.42999999999995
181.71272727272728,112.02,-69.69272727272728
180.53181818181818,110.0,-70.53181818181818
175.85636363636365,105.0,-70.85636363636365
137.1,65.88,-71.22
509.0009090909091,437.50000000000006,-71.50090909090903
275.3118181818182,203.01000000000002,-72.30181818181816
498.31909090909085,425.73,-72.58909090909083
120.70727272727272,46.5,-74.20727272727272
215.77818181818182,141.36,-74.41818181818181
264.52272727272725,190.10000000000002,-74.42272727272723
316.2936363636364,240.64,-75.6536363636364
298.90999999999997,222.71,-76.19999999999996
202.93272727272725,125.98,-76.95272727272724
167.2536363636364,89.89999999999999,-77.3536363636364
540.67,463.31,-77.35999999999996
240.88454545454545,162.99,-77.89454545454544
241.87454545454545,162.46,-79.41454545454545
111.12636363636365,31.32,-79.80636363636364
279.59999999999997,199.6,-79.99999999999997
101.4,21.25,-80.15
167.0181818181818,86.08999999999999,-80.92818181818181
176.4936363636364,94.07000000000001,-82.42363636363639
233.66909090909095,150.94,-82.72909090909096
263.57909090909084,179.58,-83.99909090909082
158.20181818181817,73.64000000000001,-84.56181818181815
119.37181818181816,34.8,-84.57181818181816
311.1209090909091,225.01999999999998,-86.10090909090911
102.45545454545454,15.299999999999999,-87.15545454545455
181.86363636363637,94.5,-87.36363636363637
119.69727272727273,32.120000000000005,-87.57727272727273
167.10363636363635,78.96,-88.14363636363636
109.09272727272727,20.8,-88.29272727272728
833.5581818181818,744.93,-88.62818181818182
115.30545454545455,26.64,-88.66545454545455
123.73454545454545,34.65,-89.08454545454546
153.65545454545457,64.2,-89.45545454545457
100.94181818181819,9.899999999999999,-91.0418181818182
274.49818181818176,181.35,-93.14818181818177
186.6063636363636,93.19,-93.4163636363636
437.77454545454543,343.14,-94.63454545454545
175.4790909090909,79.85,-95.6290909090909
458.5154545454545,362.77,-95.74545454545449
416.52454545454543,320.55,-95.97454545454542
190.52363636363637,93.5,-97.02363636363637
440.81545454545454,343.11,-97.70545454545453
131.52545454545455,33.39,-98.13545454545455
157.92909090909092,59.580000000000005,-98.3490909090909
266.6872727272727,167.9,-98.78727272727272
314.61818181818177,215.8,-98.81818181818176
161.00272727272727,61.39,-99.61272727272727
100.56727272727272,0.83,-99.73727272727272
103.26727272727273,3.12,-100.14727272727272
181.97909090909093,81.78,-100.19909090909093
135.8763636363637,35.29,-100.5863636363637
100.60181818181817,0.0,-100.60181818181817
100.62545454545453,0.0,-100.62545454545453
101.00454545454545,0.0,-101.00454545454545
189.95636363636368,88.3,-101.65636363636368
159.4154545454545,57.57,-101.84545454545452
102.72636363636364,0.0,-102.72636363636364
103.21818181818179,0.0,-103.21818181818179
103.62363636363635,0.0,-103.62363636363635
164.80636363636364,60.71,-104.09636363636363
105.25454545454546,0.0,-105.25454545454546
145.1927272727273,39.6,-105.5927272727273
134.78,28.95,-105.83
105.99181818181818,0.0,-105.99181818181818
106.00636363636363,0.0,-106.00636363636363
178.9227272727273,72.41,-106.51272727272729
1991.0109090909093,1884.17,-106.84090909090924
159.55363636363637,52.22,-107.33363636363637
439.1372727272728,331.28000000000003,-107.85727272727274
146.2790909090909,38.25,-108.02909090909091
108.37818181818183,0.0,-108.37818181818183
108.41818181818181,0.0,-108.41818181818181
157.42818181818186,48.72,-108.70818181818186
120.38818181818183,11.6,-108.78818181818184
109.06818181818181,0.0,-109.06818181818181
169.51727272727274,60.36,-109.15727272727274
109.57272727272726,0.0,-109.57272727272726
181.91090909090906,71.4,-110.51090909090905
110.70272727272727,0.0,-110.70272727272727
410.84909090909093,299.96,-110.88909090909095
119.05636363636364,7.46,-111.59636363636365
111.88909090909088,0.0,-111.88909090909088
127.76,15.75,-112.01
336.50454545454545,224.35,-112.15454545454546
145.60999999999999,33.43,-112.17999999999998
332.67272727272723,219.32,-113.35272727272724
231.9790909090909,118.52,-113.4590909090909
113.98,0.0,-113.98
390.65000000000003,276.61,-114.04000000000002
143.74818181818182,29.689999999999998,-114.05818181818182
495.5490909090909,381.46,-114.08909090909094
144.70454545454547,29.94,-114.76454545454547
157.48545454545453,42.46,-115.02545454545452
147.71727272727276,32.53,-115.18727272727276
115.28999999999998,0.0,-115.28999999999998
808.7545454545453,693.42,-115.33454545454538
510.0127272727273,394.40999999999997,-115.60272727272735
115.79636363636364,0.0,-115.79636363636364
128.02181818181816,10.79,-117.23181818181817
384.96636363636367,267.48,-117.48636363636365
280.8027272727272,163.05,-117.75272727272721
918.27,800.15,-118.12
118.16636363636363,0.0,-118.16636363636363
141.94545454545454,23.4,-118.54545454545453
118.96,0.0,-118.96
119.43545454545455,0.0,-119.43545454545455
170.97363636363636,50.46,-120.51363636363635
120.68181818181819,0.0,-120.68181818181819
205.84636363636363,84.63,-121.21636363636364
121.46727272727274,0.0,-121.46727272727274
121.52545454545456,0.0,-121.52545454545456
1829.0800000000004,1706.78,-122.30000000000041
228.87181818181818,106.39999999999999,-122.4718181818182
122.87636363636366,0.0,-122.87636363636366
360.2427272727273,237.26,-122.98272727272729
1190.5390909090909,1067.55,-122.98909090909092
123.3,0.0,-123.3
251.21818181818182,127.83,-123.38818181818182
350.52909090909094,225.88,-124.64909090909094
125.48000000000002,0.0,-125.48000000000002
150.9936363636364,24.96,-126.03363636363639
220.44272727272727,94.15,-126.29272727272726
177.44727272727275,51.14999999999999,-126.29727272727276
126.5218181818182,0.0,-126.5218181818182
186.4454545454546,59.510000000000005,-126.93545454545459
127.36545454545454,0.0,-127.36545454545454
171.62,44.03,-127.59
127.63090909090911,0.0,-127.63090909090911
129.25727272727272,0.0,-129.25727272727272
1502.2081818181819,1371.61,-130.59818181818196
151.8045454545455,20.700000000000003,-131.10454545454547
131.52636363636364,0.0,-131.52636363636364
144.6781818181818,13.049999999999999,-131.6281818181818
132.14363636363635,0.0,-132.14363636363635
462.27272727272725,330.0,-132.27272727272725
132.79454545454544,0.0,-132.79454545454544
132.8009090909091,0.0,-132.8009090909091
144.80454545454546,10.92,-133.88454545454547
291.1672727272727,156.98,-134.1872727272727
150.23545454545453,15.9,-134.33545454545452
134.37272727272727,0.0,-134.37272727272727
333.23454545454547,198.26,-134.97454545454548
195.42181818181822,60.290000000000006,-135.13181818181823
135.36454545454546,0.0,-135.36454545454546
136.15636363636364,0.0,-136.15636363636364
468.29090909090917,331.93,-136.36090909090916
136.90545454545455,0.0,-136.90545454545455
172.93636363636367,35.95,-136.98636363636365
662.6090909090907,523.36,-139.24909090909068
139.71636363636364,0.0,-139.71636363636364
983.1218181818182,843.0500000000001,-140.07181818181812
140.10090909090908,0.0,-140.10090909090908
190.9781818181818,50.05,-140.92818181818183
681.5954545454546,540.22,-141.37545454545455
181.6490909090909,39.95,-141.6990909090909
142.63,0.0,-142.63
268.06454545454545,123.55,-144.51454545454544
361.2081818181818,215.64999999999998,-145.55818181818182
425.6281818181818,279.48,-146.1481818181818
225.4472727272727,78.47,-146.9772727272727
667.5127272727273,519.96,-147.55272727272722
150.05,2.25,-147.8
154.69818181818184,5.79,-148.90818181818184
201.46272727272734,52.50000000000001,-148.96272727272734
258.6409090909091,109.06,-149.58090909090907
150.36090909090908,0.0,-150.36090909090908
192.92545454545453,41.019999999999996,-151.90545454545452
174.73727272727274,22.669999999999998,-152.06727272727275
250.58363636363637,97.1,-153.48363636363638
303.82363636363635,150.09,-153.73363636363635
263.45727272727277,109.44999999999999,-154.00727272727278
372.24454545454546,216.29000000000002,-155.95454545454544
421.6545454545454,265.47,-156.1845454545454
253.30545454545455,93.95,-159.35545454545456
160.84090909090912,0.0,-160.84090909090912
177.09000000000003,14.850000000000001,-162.24000000000004
170.66545454545457,7.95,-162.71545454545458
542.8327272727273,379.96,-162.87272727272733
184.5181818181818,18.96,-165.5581818181818
166.0690909090909,0.0,-166.0690909090909
302.24,135.94,-166.3
173.5690909090909,6.75,-166.8190909090909
168.31454545454545,0.0,-168.31454545454545
265.82727272727277,97.5,-168.32727272727277
169.16181818181818,0.0,-169.16181818181818
170.08272727272728,0.0,-170.08272727272728
173.01090909090905,2.9,-170.11090909090905
507.0918181818181,336.59999999999997,-170.49181818181813
171.64545454545456,0.0,-171.64545454545456
175.20545454545456,0.0,-175.20545454545456
313.44545454545454,138.09,-175.35545454545453
219.8972727272727,42.65,-177.2472727272727
342.8218181818182,165.55,-177.27181818181816
284.4872727272727,106.72999999999999,-177.7572727272727
183.07181818181817,4.35,-178.72181818181818
662.0409090909089,480.17,-181.87090909090892
272.5963636363636,90.30000000000001,-182.2963636363636
182.34636363636363,0.0,-182.34636363636363
307.1463636363637,124.55,-182.59636363636366
659.5936363636364,476.03,-183.56363636363642
420.2772727272728,236.4,-183.8772727272728
184.17818181818183,0.0,-184.17818181818183
414.73454545454547,228.59,-186.14454545454547
557.9018181818183,371.25000000000006,-186.65181818181821
299.05909090909086,112.21,-186.84909090909088
340.63272727272727,153.48000000000002,-187.15272727272725
189.69909090909093,0.0,-189.69909090909093
215.32999999999996,24.96,-190.36999999999995
194.1209090909091,3.3,-190.82090909090908
194.21272727272725,0.0,-194.21272727272725
990.369090909091,795.11,-195.25909090909101
229.26454545454544,33.26,-196.00454545454545
207.7709090909091,9.95,-197.8209090909091
879.360909090909,681.52,-197.840909090909
201.22,0.0,-201.22
204.59272727272727,0.0,-204.59272727272727
211.03090909090903,1.7,-209.33090909090905
609.2709090909091,397.26000000000005,-212.01090909090902
478.01454545454544,265.08,-212.93454545454546
214.0727272727273,0.0,-214.0727272727273
235.29636363636365,21.17,-214.12636363636364
274.0290909090909,59.4,-214.62909090909088
1286.4027272727274,1071.07,-215.33272727272742
282.52090909090913,66.0,-216.52090909090913
830.7109090909092,613.91,-216.80090909090927
227.75636363636366,10.2,-217.55636363636367
423.0790909090909,203.49,-219.58909090909088
221.82636363636365,0.0,-221.82636363636365
241.79363636363632,16.66,-225.13363636363633
945.4509090909088,719.94,-225.51090909090874
388.0309090909091,159.88,-228.15090909090912
230.09454545454548,0.0,-230.09454545454548
234.02090909090913,2.95,-231.07090909090914
234.31363636363633,0.0,-234.31363636363633
236.56181818181815,0.0,-236.56181818181815
236.6845454545454,0.0,-236.6845454545454
330.7490909090909,93.55,-237.1990909090909
237.2990909090909,0.0,-237.2990909090909
964.2881818181818,725.12,-239.16818181818178
830.3563636363637,590.48,-239.87636363636364
535.9809090909091,295.8,-240.1809090909091
413.25454545454545,172.77,-240.48454545454544
334.5345454545455,93.78999999999999,-240.7445454545455
241.9818181818182,0.0,-241.9818181818182
573.9763636363635,331.32,-242.65636363636355
714.5,471.39000000000004,-243.10999999999996
891.0709090909091,646.59,-244.4809090909091
244.82545454545453,0.0,-244.82545454545453
387.5290909090909,141.12,-246.40909090909088
504.42181818181814,257.79,-246.63181818181812
470.62727272727267,221.42999999999998,-249.1972727272727
250.67909090909095,0.0,-250.67909090909095
271.55636363636364,17.34,-254.21636363636364
545.549090909091,288.77000000000004,-256.77909090909094
1127.6027272727272,868.5500000000001,-259.0527272727271
14035.303636363637,13774.08,-261.2236363636366
627.9936363636364,366.38,-261.6136363636364
261.92545454545456,0.0,-261.92545454545456
1850.88,1586.02,-264.8600000000001
336.09909090909093,69.84,-266.2590909090909
1029.1163636363638,762.51,-266.60636363636377
266.7754545454546,0.0,-266.7754545454546
287.5736363636363,16.5,-271.0736363636363
1371.9536363636364,1093.67,-278.28363636363633
808.8927272727274,529.27,-279.6227272727274
282.81,0.0,-282.81
1034.543636363636,741.77,-292.7736363636361
295.7918181818182,0.0,-295.7918181818182
297.8372727272727,0.0,-297.8372727272727
318.3254545454545,19.96,-298.3654545454545
317.99,18.75,-299.24
300.15727272727275,0.0,-300.15727272727275
300.2218181818182,0.0,-300.2218181818182
301.5881818181818,0.0,-301.5881818181818
348.47272727272724,43.89,-304.58272727272725
348.8890909090909,43.92,-304.9690909090909
305.21272727272725,0.0,-305.21272727272725
578.3145454545455,272.48,-305.8345454545455
598.9418181818181,292.96,-305.98181818181814
651.9827272727273,344.41,-307.57272727272726
349.789090909091,41.300000000000004,-308.489090909091
374.65090909090907,66.0,-308.65090909090907
510.70727272727277,198.78,-311.9272727272728
326.6063636363636,13.75,-312.8563636363636
313.45909090909095,0.0,-313.45909090909095
313.6,0.0,-313.6
618.8127272727272,304.24,-314.5727272727272
317.4418181818182,0.0,-317.4418181818182
351.3454545454546,29.25,-322.0954545454546
1394.0618181818181,1070.8100000000002,-323.25181818181795
326.10818181818183,0.0,-326.10818181818183
472.5354545454545,146.17000000000002,-326.3654545454545
407.26090909090914,80.28,-326.9809090909091
342.6890909090909,13.16,-329.5290909090909
329.67727272727274,0.0,-329.67727272727274
332.44090909090914,0.0,-332.44090909090914
335.0,0.0,-335.0
347.9509090909091,11.549999999999999,-336.40090909090907
337.1381818181818,0.0,-337.1381818181818
337.25272727272727,0.0,-337.25272727272727
338.6354545454546,0.0,-338.6354545454546
2830.260909090909,2491.4700000000003,-338.7909090909088
360.56363636363636,17.4,-343.1636363636364
344.26454545454544,0.0,-344.26454545454544
932.8063636363636,579.0,-353.8063636363636
1894.7254545454548,1539.9599999999998,-354.765454545455
354.9745454545454,0.0,-354.9745454545454
415.42727272727274,54.6,-360.8272727272727
2364.240909090909,2002.5400000000002,-361.7009090909089
426.91181818181815,57.5,-369.41181818181815
1038.090909090909,668.0600000000001,-370.03090909090895
998.1145454545455,626.6,-371.51454545454544
427.91727272727263,44.55,-383.3672727272726
765.8145454545455,375.36,-390.4545454545455
414.4281818181817,15.95,-398.4781818181817
409.5,0.0,-409.5
2111.459090909091,1691.61,-419.8490909090913
430.81363636363636,4.95,-425.8636363636364
1868.7718181818184,1442.7,-426.07181818181834
658.3690909090909,226.54000000000002,-431.8290909090909
490.24999999999994,54.599999999999994,-435.65
454.15363636363634,15.0,-439.15363636363634
444.00909090909096,2.95,-441.05909090909097
441.0663636363637,0.0,-441.0663636363637
1936.352727272727,1488.73,-447.62272727272693
451.62999999999994,0.0,-451.62999999999994
455.87727272727267,0.0,-455.87727272727267
830.0599999999998,367.1,-462.9599999999998
473.49545454545455,0.0,-473.49545454545455
485.9018181818182,5.75,-480.1518181818182
501.82000000000005,0.0,-501.82000000000005
510.9754545454547,0.0,-510.9754545454547
514.6409090909092,0.0,-514.6409090909092
526.6927272727272,0.0,-526.6927272727272
541.9318181818181,0.0,-541.9318181818181
1056.0336363636363,510.36,-545.6736363636363
549.5454545454545,0.0,-549.5454545454545
617.2418181818183,65.06,-552.1818181818182
785.4418181818181,227.64,-557.8018181818181
584.6463636363636,0.0,-584.6463636363636
585.3445454545455,0.0,-585.3445454545455
587.4327272727273,0.0,-587.4327272727273
590.4236363636363,0.0,-590.4236363636363
616.1254545454544,14.85,-601.2754545454544
727.2727272727273,125.0,-602.2727272727273
803.3481818181816,198.95999999999998,-604.3881818181817
1582.0263636363636,965.4399999999999,-616.5863636363637
640.2618181818182,17.4,-622.8618181818182
1209.1727272727271,579.24,-629.9327272727271
658.9809090909092,0.0,-658.9809090909092
770.760909090909,94.92,-675.840909090909
776.6899999999998,68.47999999999999,-708.2099999999998
1068.8954545454546,340.92,-727.9754545454546
734.7318181818182,0.0,-734.7318181818182
778.2581818181818,0.0,-778.2581818181818
1120.7627272727275,310.63,-810.1327272727275
2102.860909090909,1271.1,-831.7609090909091
1033.0490909090909,166.83,-866.2190909090908
1005.9654545454545,139.35,-866.6154545454544
880.6636363636364,0.0,-880.6636363636364
2055.2772727272727,1157.6100000000001,-897.6672727272726
919.1663636363636,0.0,-919.1663636363636
926.7054545454546,0.0,-926.7054545454546
954.7445454545453,0.0,-954.7445454545453
1521.0627272727272,537.0,-984.0627272727272
1005.6418181818182,0.0,-1005.6418181818182
1954.2463636363639,947.97,-1006.2763636363638
2020.4054545454549,999.6700000000001,-1020.7354545454548
2765.0354545454543,1734.69,-1030.3454545454542
1116.370909090909,77.0,-1039.370909090909
1164.0909090909092,116.47,-1047.6209090909092
2109.2290909090907,1044.18,-1065.0490909090906
1071.7518181818182,0.0,-1071.7518181818182
1143.8054545454547,65.4,-1078.4054545454546
1080.5436363636363,0.0,-1080.5436363636363
1632.95,533.3199999999999,-1099.63
1251.0081818181818,0.0,-1251.0081818181818
1369.7200000000003,0.0,-1369.7200000000003
1549.6181818181817,0.0,-1549.6181818181817
1740.2781818181816,159.2,-1581.0781818181815
3601.7727272727275,0.0,-3601.7727272727275
8525.999090909092,4740.76,-3785.239090909092
7333.9672727272755,774.57,-6559.397272727276
